x_coords,y_coords
4209.0,2397.0
4228.0,2406.0
4228.0,2406.0
4215.0,2396.0
4218.0,2395.0
4220.0,2396.0
4224.0,2395.0
4226.0,2397.0
4226.0,2397.0
4215.0,2397.0
4214.0,2398.0
4213.0,2397.0
4214.0,2398.0
4214.0,2398.0
4214.0,2397.0
4215.0,2397.0
4217.0,2398.0
4216.0,2400.0
4216.0,2400.0
4217.0,2403.0
4217.0,2403.0
4218.0,2404.0
4219.0,2407.0
4219.0,2407.0
4220.0,2409.0
4220.0,2409.0
4219.0,2411.0
4221.0,2413.0
4221.0,2413.0
4220.0,2412.0
4214.0,2400.0
4222.0,2400.0
4222.0,2400.0
4212.0,2382.0
4294.0,2352.0
4307.0,2354.0
4313.0,2354.0
4297.0,2356.0
4278.0,2350.0
4276.0,2346.0
4286.0,2348.0
4286.0,2348.0
4274.0,2342.0
4282.0,2351.0
4298.0,2348.0
4298.0,2348.0
4297.0,2352.0
4297.0,2365.0
4297.0,2365.0
4313.0,2372.0
4321.0,2374.0
4319.0,2372.0
4319.0,2372.0
4316.0,2368.0
4309.0,2372.0
4314.0,2372.0
4310.0,2358.0
4310.0,2358.0
4289.0,2358.0
4296.0,2363.0
4300.0,2357.0
4302.0,2357.0
4302.0,2357.0
4300.0,2362.0
4318.0,2364.0
4325.0,2375.0
4325.0,2375.0
4326.0,2364.0
4321.0,2364.0
4323.0,2367.0
4323.0,2367.0
4325.0,2371.0
4320.0,2374.0
4329.0,2365.0
4329.0,2365.0
4324.0,2370.0
4325.0,2371.0
4325.0,2371.0
4326.0,2371.0
4317.0,2370.0
4318.0,2369.0
4319.0,2370.0
4319.0,2370.0
4322.0,2370.0
4323.0,2368.0
4323.0,2368.0
4324.0,2366.0
4323.0,2366.0
4325.0,2366.0
4326.0,2365.0
4326.0,2365.0
4327.0,2366.0
4328.0,2365.0
4329.0,2364.0
4328.0,2365.0
4328.0,2365.0
4328.0,2363.0
4327.0,2363.0
4326.0,2363.0
4326.0,2362.0
4326.0,2362.0
4326.0,2361.0
4325.0,2363.0
4325.0,2363.0
4325.0,2363.0
4326.0,2364.0
4327.0,2364.0
4328.0,2364.0
4328.0,2364.0
4329.0,2364.0
4329.0,2364.0
4330.0,2363.0
4328.0,2378.0
4328.0,2378.0
4978.0,2583.0
4987.0,2601.0
4992.0,2591.0
4992.0,2591.0
4984.0,2580.0
4978.0,2594.0
4982.0,2588.0
4982.0,2588.0
4976.0,2595.0
4978.0,2590.0
4990.0,2584.0
4977.0,2578.0
4992.0,2588.0
4987.0,2578.0
4987.0,2578.0
4978.0,2591.0
4978.0,2583.0
4978.0,2583.0
4978.0,2590.0
4959.0,2585.0
4959.0,2585.0
4961.0,2587.0
4955.0,2567.0
4951.0,2576.0
4954.0,2586.0
4954.0,2586.0
4954.0,2603.0
4954.0,2603.0
4959.0,2588.0
4964.0,2573.0
4961.0,2573.0
4960.0,2571.0
4960.0,2571.0
4960.0,2578.0
4967.0,2592.0
4979.0,2592.0
4989.0,2584.0
4989.0,2579.0
4989.0,2579.0
4988.0,2579.0
4982.0,2571.0
4982.0,2571.0
4994.0,2580.0
4968.0,2587.0
4968.0,2587.0
4984.0,2585.0
4973.0,2583.0
4962.0,2586.0
4974.0,2569.0
4974.0,2569.0
4979.0,2581.0
4963.0,2581.0
4951.0,2579.0
4957.0,2584.0
4951.0,2580.0
4962.0,2592.0
4956.0,2592.0
4956.0,2592.0
4964.0,2587.0
4949.0,2579.0
4947.0,2581.0
4947.0,2581.0
4963.0,2593.0
4975.0,2604.0
4974.0,2504.0
4966.0,2511.0
4976.0,2518.0
4976.0,2518.0
4957.0,2495.0
4987.0,2507.0
4987.0,2507.0
4988.0,2515.0
4989.0,2507.0
4987.0,2513.0
4983.0,2518.0
4985.0,2511.0
4985.0,2511.0
4989.0,2515.0
5288.0,2355.0
5286.0,2367.0
5286.0,2367.0
5294.0,2358.0
5307.0,2352.0
5298.0,2353.0
5288.0,2362.0
5288.0,2369.0
5288.0,2369.0
5296.0,2374.0
5284.0,2380.0
5290.0,2380.0
5290.0,2380.0
5289.0,2376.0
5299.0,2369.0
5291.0,2376.0
5288.0,2372.0
5288.0,2372.0
5292.0,2380.0
5283.0,2369.0
5275.0,2354.0
5278.0,2358.0
5278.0,2358.0
5296.0,2385.0
5294.0,2375.0
6138.0,2404.0
6148.0,2417.0
6148.0,2417.0
6133.0,2418.0
6149.0,2411.0
6150.0,2409.0
6150.0,2409.0
6152.0,2418.0
6112.0,2420.0
6130.0,2411.0
6130.0,2411.0
6136.0,2419.0
6126.0,2413.0
6118.0,2407.0
6118.0,2407.0
6144.0,2415.0
6145.0,2431.0
6145.0,2431.0
6145.0,2426.0
6148.0,2433.0
6154.0,2424.0
6151.0,2427.0
6151.0,2427.0
6148.0,2428.0
6138.0,2432.0
6135.0,2419.0
6135.0,2419.0
6148.0,2423.0
6150.0,2428.0
6154.0,2441.0
6150.0,2436.0
6146.0,2440.0
6146.0,2440.0
6144.0,2433.0
6151.0,2428.0
6155.0,2438.0
6155.0,2438.0
6154.0,2432.0
6156.0,2438.0
6161.0,2438.0
6161.0,2438.0
6165.0,2437.0
6157.0,2439.0
6152.0,2441.0
6152.0,2441.0
6136.0,2427.0
6140.0,2426.0
6144.0,2421.0
6153.0,2434.0
6153.0,2434.0
6143.0,2435.0
6133.0,2434.0
6132.0,2431.0
6126.0,2430.0
6126.0,2430.0
6123.0,2430.0
6130.0,2435.0
6148.0,2435.0
6148.0,2435.0
6159.0,2441.0
6161.0,2442.0
6161.0,2443.0
6161.0,2443.0
6156.0,2442.0
6146.0,2436.0
6143.0,2434.0
6143.0,2434.0
6141.0,2434.0
6139.0,2434.0
6139.0,2434.0
6138.0,2434.0
6135.0,2433.0
6134.0,2433.0
6132.0,2432.0
6132.0,2432.0
6129.0,2431.0
6142.0,2437.0
6144.0,2438.0
6149.0,2432.0
6733.0,2510.0
6733.0,2514.0
6727.0,2497.0
6727.0,2497.0
6726.0,2512.0
6719.0,2507.0
6722.0,2515.0
6722.0,2515.0
6711.0,2511.0
6716.0,2508.0
6715.0,2506.0
6712.0,2511.0
6712.0,2511.0
6711.0,2509.0
6713.0,2508.0
6712.0,2509.0
6712.0,2509.0
6717.0,2507.0
6717.0,2507.0
6717.0,2507.0
6718.0,2507.0
6719.0,2506.0
6719.0,2505.0
6718.0,2504.0
6719.0,2503.0
6720.0,2503.0
6720.0,2503.0
6718.0,2503.0
6707.0,2502.0
6711.0,2501.0
6711.0,2501.0
6707.0,2500.0
6711.0,2503.0
6712.0,2502.0
6712.0,2502.0
6713.0,2499.0
6711.0,2496.0
6713.0,2497.0
6713.0,2497.0
6518.0,2489.0
6485.0,2485.0
6495.0,2485.0
6495.0,2485.0
6490.0,2488.0
6480.0,2488.0
6480.0,2488.0
6475.0,2486.0
6488.0,2487.0
6489.0,2490.0
6489.0,2490.0
6494.0,2498.0
6492.0,2496.0
6494.0,2497.0
6482.0,2491.0
6482.0,2491.0
6480.0,2493.0
6919.0,2466.0
6921.0,2465.0
6915.0,2470.0
6915.0,2470.0
6912.0,2464.0
6913.0,2478.0
6918.0,2485.0
6918.0,2485.0
6908.0,2483.0
6901.0,2482.0
6901.0,2468.0
6891.0,2481.0
6891.0,2481.0
6899.0,2476.0
6904.0,2469.0
6903.0,2478.0
6912.0,2477.0
6912.0,2477.0
6908.0,2475.0
6909.0,2482.0
6909.0,2482.0
6905.0,2479.0
6897.0,2471.0
6908.0,2481.0
6902.0,2484.0
6902.0,2484.0
6898.0,2477.0
6904.0,2479.0
6899.0,2478.0
6899.0,2478.0
6896.0,2483.0
6904.0,2480.0
6906.0,2485.0
6913.0,2472.0
6913.0,2472.0
6906.0,2199.0
6910.0,2182.0
6921.0,2201.0
6921.0,2201.0
6918.0,2194.0
6916.0,2192.0
6919.0,2193.0
6919.0,2193.0
6914.0,2194.0
6920.0,2196.0
6923.0,2195.0
6923.0,2195.0
6920.0,2195.0
6917.0,2196.0
6916.0,2196.0
6916.0,2196.0
6916.0,2195.0
6915.0,2197.0
6915.0,2197.0
6913.0,2199.0
6906.0,2202.0
6903.0,2199.0
6902.0,2205.0
6902.0,2205.0
6907.0,2201.0
6909.0,2208.0
6909.0,2208.0
6904.0,2204.0
6870.0,2155.0
6878.0,2148.0
6878.0,2148.0
6870.0,2148.0
6865.0,2153.0
6873.0,2152.0
6873.0,2152.0
6868.0,2150.0
6873.0,2156.0
6865.0,2154.0
6878.0,2155.0
6878.0,2155.0
6864.0,2156.0
6862.0,2161.0
6862.0,2161.0
6856.0,2161.0
6864.0,2155.0
6864.0,2154.0
6864.0,2154.0
6869.0,2160.0
6870.0,2164.0
6874.0,2170.0
6874.0,2170.0
6865.0,2157.0
6870.0,2172.0
6864.0,2145.0
6864.0,2145.0
6702.0,1944.0
6702.0,1944.0
6677.0,1931.0
6671.0,1926.0
6666.0,1940.0
6675.0,1929.0
6675.0,1929.0
6670.0,1926.0
6677.0,1929.0
6679.0,1927.0
6679.0,1927.0
6685.0,1933.0
6682.0,1933.0
6686.0,1928.0
6686.0,1928.0
6675.0,1925.0
6683.0,1935.0
6668.0,1925.0
6668.0,1925.0
6362.0,1766.0
6375.0,1774.0
6359.0,1771.0
6363.0,1770.0
6367.0,1764.0
6367.0,1764.0
6358.0,1768.0
6363.0,1768.0
6363.0,1768.0
6357.0,1768.0
6351.0,1765.0
6367.0,1775.0
6359.0,1778.0
6359.0,1778.0
6361.0,1787.0
6363.0,1782.0
6363.0,1787.0
6363.0,1787.0
6363.0,1785.0
6364.0,1780.0
6359.0,1776.0
6359.0,1776.0
6356.0,1773.0
6365.0,1779.0
6402.0,1774.0
6427.0,1772.0
6415.0,1771.0
6415.0,1771.0
6418.0,1773.0
6415.0,1775.0
6413.0,1773.0
6413.0,1772.0
6412.0,1771.0
6412.0,1771.0
6411.0,1772.0
6409.0,1772.0
6408.0,1773.0
6410.0,1773.0
6410.0,1774.0
6410.0,1774.0
6409.0,1774.0
6407.0,1776.0
6405.0,1775.0
6405.0,1775.0
6404.0,1777.0
6405.0,1778.0
6406.0,1784.0
6406.0,1784.0
6408.0,1780.0
6409.0,1780.0
6409.0,1780.0
6409.0,1780.0
6410.0,1780.0
6415.0,1783.0
6425.0,1785.0
6425.0,1785.0
6433.0,1785.0
6434.0,1784.0
6437.0,1792.0
5798.0,1836.0
5812.0,1840.0
5812.0,1840.0
5798.0,1838.0
5815.0,1848.0
5812.0,1846.0
5812.0,1846.0
5811.0,1845.0
5810.0,1833.0
5796.0,1832.0
5796.0,1832.0
5800.0,1843.0
5805.0,1834.0
5797.0,1843.0
5797.0,1843.0
5784.0,1836.0
5286.0,1726.0
5284.0,1736.0
5283.0,1729.0
5283.0,1729.0
5278.0,1737.0
5299.0,1736.0
5299.0,1741.0
5299.0,1741.0
5292.0,1739.0
5292.0,1733.0
5281.0,1744.0
5281.0,1744.0
5263.0,1742.0
5204.0,1638.0
5198.0,1616.0
5198.0,1616.0
5195.0,1637.0
5194.0,1623.0
5187.0,1626.0
5187.0,1626.0
5192.0,1624.0
5199.0,1611.0
5200.0,1613.0
5195.0,1609.0
5199.0,1605.0
5199.0,1605.0
5196.0,1602.0
5198.0,1602.0
5194.0,1602.0
5189.0,1602.0
5189.0,1602.0
5190.0,1602.0
5184.0,1606.0
5181.0,1603.0
5183.0,1608.0
5185.0,1601.0
5186.0,1603.0
5186.0,1603.0
5189.0,1603.0
5185.0,1605.0
5187.0,1605.0
5186.0,1605.0
5186.0,1605.0
5185.0,1605.0
5184.0,1606.0
5182.0,1606.0
5182.0,1606.0
5182.0,1606.0
5183.0,1606.0
5175.0,1618.0
5108.0,2212.0
5110.0,2194.0
5110.0,2194.0
5111.0,2204.0
5111.0,2209.0
5117.0,2198.0
5120.0,2200.0
5121.0,2192.0
5121.0,2192.0
5127.0,2197.0
5124.0,2203.0
5134.0,2185.0
5130.0,2176.0
5123.0,2171.0
5110.0,2164.0
5108.0,2170.0
5105.0,2166.0
5105.0,2166.0
5119.0,2178.0
5114.0,2172.0
5112.0,2178.0
5112.0,2178.0
5101.0,2177.0
5124.0,2176.0
5114.0,2184.0
5111.0,2190.0
5111.0,2190.0
5118.0,2183.0
5125.0,2183.0
4230.0,2412.0
4212.0,2412.0
4206.0,2416.0
4206.0,2416.0
4228.0,2411.0
4226.0,2407.0
4226.0,2407.0
4232.0,2422.0
4240.0,2410.0
4235.0,2408.0
4235.0,2408.0
4226.0,2421.0
2473.0,2719.0
2455.0,2716.0
2454.0,2722.0
2466.0,2712.0
2469.0,2710.0
2465.0,2722.0
2480.0,2707.0
2480.0,2707.0
2465.0,2710.0
2451.0,2719.0
2468.0,2721.0
2457.0,2733.0
2457.0,2733.0
2457.0,2722.0
2468.0,2726.0
2056.0,2890.0
2056.0,2890.0
2039.0,2909.0
2048.0,2907.0
2037.0,2907.0
2036.0,2908.0
2039.0,2907.0
2039.0,2907.0
2060.0,2891.0
2045.0,2887.0
2031.0,2890.0
2031.0,2890.0
2139.0,3701.0
2144.0,3707.0
2144.0,3707.0
2138.0,3693.0
2125.0,3695.0
2122.0,3710.0
2122.0,3710.0
2125.0,3692.0
2143.0,3684.0
2143.0,3684.0
2131.0,3684.0
2130.0,3695.0
2119.0,3699.0
2114.0,3705.0
2114.0,3705.0
2091.0,3704.0
2102.0,3706.0
2114.0,3700.0
2114.0,3700.0
2115.0,3682.0
2106.0,3690.0
2087.0,3698.0
2087.0,3698.0
2092.0,3694.0
2102.0,3704.0
2109.0,3699.0
2109.0,3699.0
2116.0,3688.0
2103.0,3704.0
5058.0,3567.0
5070.0,3561.0
5070.0,3561.0
5067.0,3557.0
5056.0,3556.0
5084.0,3551.0
5079.0,3557.0
5079.0,3557.0
5094.0,3555.0
5069.0,3564.0
5057.0,3558.0
6993.0,2432.0
6987.0,2445.0
6986.0,2437.0
6986.0,2437.0
6979.0,2447.0
6987.0,2455.0
6977.0,2456.0
6977.0,2456.0
6978.0,2457.0
6982.0,2463.0
6982.0,2463.0
6975.0,2465.0
6985.0,2465.0
6983.0,2461.0
6983.0,2461.0
6984.0,2459.0
6988.0,2465.0
6988.0,2461.0
6991.0,2455.0
6991.0,2455.0
6995.0,2456.0
6992.0,2455.0
6995.0,2449.0
6995.0,2449.0
6990.0,2451.0
6997.0,2456.0
6988.0,2433.0
6988.0,2433.0
6977.0,2204.0
6975.0,2208.0
6975.0,2208.0
6976.0,2217.0
6980.0,2214.0
6976.0,2214.0
6976.0,2214.0
6976.0,2218.0
6988.0,2215.0
6982.0,2210.0
6974.0,2213.0
6970.0,2215.0
6968.0,2207.0
6960.0,2202.0
6960.0,2202.0
6962.0,2217.0
6966.0,2211.0
6966.0,2211.0
6965.0,2205.0
6955.0,2199.0
6978.0,2131.0
6981.0,2103.0
6968.0,2110.0
6968.0,2110.0
6972.0,2116.0
6971.0,2110.0
6973.0,2105.0
6972.0,2102.0
6972.0,2102.0
6974.0,2105.0
6973.0,2122.0
6973.0,2122.0
6971.0,2119.0
6972.0,2117.0
6975.0,2114.0
6970.0,2111.0
6970.0,2111.0
6974.0,2114.0
6971.0,2109.0
6965.0,2119.0
6965.0,2119.0
6968.0,2111.0
6975.0,2112.0
6974.0,2111.0
6974.0,2111.0
6974.0,2115.0
6968.0,2105.0
6974.0,2111.0
6974.0,2111.0
6974.0,2112.0
6974.0,2112.0
6973.0,2111.0
6970.0,2102.0
6973.0,2110.0
6973.0,2112.0
6973.0,2112.0
6968.0,2118.0
6973.0,2118.0
6973.0,2118.0
6975.0,2120.0
6970.0,2121.0
6971.0,2122.0
6971.0,2122.0
6973.0,2122.0
6973.0,2128.0
7001.0,2653.0
7001.0,2658.0
7008.0,2644.0
7008.0,2644.0
6992.0,2641.0
6994.0,2647.0
7004.0,2650.0
7004.0,2650.0
7007.0,2653.0
7000.0,2658.0
7000.0,2658.0
7008.0,2643.0
7002.0,2638.0
7008.0,2652.0
7011.0,2648.0
7011.0,2648.0
7010.0,2648.0
7014.0,2647.0
7010.0,2646.0
6145.0,2507.0
6141.0,2509.0
6141.0,2509.0
6141.0,2502.0
6146.0,2498.0
6156.0,2490.0
6148.0,2497.0
6148.0,2497.0
6166.0,2491.0
6133.0,2497.0
6132.0,2499.0
6087.0,2373.0
6087.0,2373.0
6082.0,2387.0
6080.0,2396.0
6090.0,2401.0
6090.0,2404.0
6090.0,2404.0
6092.0,2413.0
6093.0,2405.0
6087.0,2404.0
6087.0,2404.0
6105.0,2400.0
6105.0,2400.0
6103.0,2401.0
6104.0,2400.0
6100.0,2401.0
6100.0,2401.0
6097.0,2400.0
6093.0,2394.0
6088.0,2398.0
6088.0,2398.0
6086.0,2396.0
6085.0,2406.0
6080.0,2407.0
6076.0,2409.0
6075.0,2407.0
6075.0,2407.0
6076.0,2406.0
6078.0,2404.0
6086.0,2401.0
6086.0,2402.0
6085.0,2403.0
6085.0,2403.0
6092.0,2404.0
6091.0,2404.0
6094.0,2400.0
6094.0,2400.0
6098.0,2391.0
6097.0,2388.0
6110.0,2381.0
6108.0,2382.0
6104.0,2382.0
6104.0,2382.0
6102.0,2384.0
6108.0,2384.0
6110.0,2384.0
6104.0,2388.0
6104.0,2388.0
6102.0,2394.0
6100.0,2399.0
6098.0,2399.0
6098.0,2399.0
6117.0,2400.0
6120.0,2395.0
6112.0,2370.0
6124.0,2262.0
6124.0,2262.0
6113.0,2270.0
6126.0,2267.0
6121.0,2266.0
6121.0,2266.0
6112.0,2266.0
6122.0,2258.0
6121.0,2260.0
6128.0,2267.0
6128.0,2267.0
6124.0,2266.0
6120.0,2270.0
6112.0,2269.0
6112.0,2269.0
6114.0,2268.0
6119.0,2265.0
6114.0,2268.0
6111.0,2268.0
6110.0,2270.0
6110.0,2270.0
6110.0,2268.0
6115.0,2268.0
6107.0,2271.0
6107.0,2271.0
6116.0,2271.0
6120.0,2276.0
6117.0,2278.0
6126.0,2271.0
6124.0,2273.0
6122.0,2276.0
6122.0,2276.0
6122.0,2278.0
6123.0,2276.0
6122.0,2276.0
6121.0,2278.0
5665.0,2588.0
5662.0,2592.0
5665.0,2587.0
5665.0,2587.0
5661.0,2590.0
5664.0,2592.0
5664.0,2592.0
5669.0,2591.0
5665.0,2585.0
5670.0,2589.0
5670.0,2589.0
5662.0,2591.0
5656.0,2585.0
5656.0,2585.0
5654.0,2585.0
5651.0,2585.0
5650.0,2587.0
5650.0,2587.0
5653.0,2589.0
5651.0,2591.0
5649.0,2590.0
5649.0,2590.0
5648.0,2589.0
5646.0,2590.0
5646.0,2590.0
5642.0,2590.0
5650.0,2590.0
5677.0,2589.0
5671.0,2585.0
5671.0,2585.0
5673.0,2587.0
5681.0,2582.0
5681.0,2582.0
5669.0,2587.0
5675.0,2588.0
5674.0,2582.0
5678.0,2578.0
5678.0,2578.0
5679.0,2585.0
5677.0,2582.0
5035.0,2622.0
5008.0,2621.0
5008.0,2621.0
5018.0,2616.0
5007.0,2608.0
5003.0,2604.0
5003.0,2604.0
5019.0,2612.0
5026.0,2613.0
5024.0,2615.0
5012.0,2616.0
5008.0,2610.0
5008.0,2610.0
5011.0,2613.0
5022.0,2614.0
5012.0,2614.0
5006.0,2618.0
5006.0,2618.0
5010.0,2616.0
5003.0,2621.0
4963.0,2595.0
4963.0,2595.0
4961.0,2579.0
4970.0,2578.0
4957.0,2580.0
4965.0,2570.0
4965.0,2570.0
4961.0,2577.0
4965.0,2580.0
4963.0,2564.0
4959.0,2580.0
4959.0,2580.0
4970.0,2566.0
4963.0,2574.0
4961.0,2569.0
4964.0,2571.0
4964.0,2572.0
4968.0,2580.0
4968.0,2580.0
4970.0,2575.0
4982.0,2593.0
4317.0,2401.0
4286.0,2408.0
4286.0,2408.0
4300.0,2408.0
4298.0,2414.0
4292.0,2401.0
4293.0,2397.0
4311.0,2413.0
4311.0,2413.0
4304.0,2414.0
4314.0,2414.0
4316.0,2408.0
4316.0,2408.0
4316.0,2414.0
4325.0,2413.0
4313.0,2407.0
4316.0,2411.0
4316.0,2411.0
4310.0,2412.0
4317.0,2414.0
4309.0,2405.0
4309.0,2405.0
4305.0,2412.0
4317.0,2413.0
4318.0,2408.0
4318.0,2408.0
4309.0,2392.0
4312.0,2378.0
4323.0,2382.0
4324.0,2374.0
4319.0,2363.0
4319.0,2363.0
4316.0,2376.0
4315.0,2367.0
4313.0,2365.0
4314.0,2369.0
4314.0,2369.0
4315.0,2368.0
4315.0,2370.0
4313.0,2372.0
4313.0,2372.0
4312.0,2372.0
4319.0,2371.0
4316.0,2370.0
4314.0,2369.0
4314.0,2369.0
4318.0,2366.0
4318.0,2366.0
4320.0,2364.0
4324.0,2365.0
4320.0,2364.0
4320.0,2364.0
4325.0,2366.0
4321.0,2366.0
4321.0,2363.0
4326.0,2365.0
4331.0,2369.0
4328.0,2372.0
4328.0,2372.0
4323.0,2370.0
4330.0,2369.0
4334.0,2379.0
4334.0,2379.0
4323.0,2359.0
4309.0,2354.0
4304.0,2356.0
4311.0,2364.0
4311.0,2364.0
4303.0,2379.0
4310.0,2361.0
4305.0,2366.0
4306.0,2373.0
4306.0,2373.0
4323.0,2376.0
4314.0,2379.0
4304.0,2373.0
4304.0,2373.0
4301.0,2376.0
4314.0,2383.0
4330.0,2381.0
4296.0,2374.0
4322.0,2371.0
4306.0,2375.0
4306.0,2375.0
4315.0,2374.0
4310.0,2367.0
4310.0,2367.0
4309.0,2374.0
4304.0,2369.0
4309.0,2367.0
4312.0,2362.0
4306.0,2366.0
4301.0,2362.0
4301.0,2362.0
4321.0,2363.0
4323.0,2368.0
4311.0,2374.0
4311.0,2367.0
4311.0,2367.0
4308.0,2369.0
4312.0,2366.0
4276.0,1929.0
4276.0,1893.0
4272.0,1902.0
4268.0,1913.0
4263.0,1920.0
4263.0,1912.0
4263.0,1912.0
4268.0,1906.0
4264.0,1915.0
4266.0,1905.0
4266.0,1905.0
4264.0,1900.0
4262.0,1896.0
4200.0,1697.0
4188.0,1671.0
4202.0,1695.0
4202.0,1695.0
4197.0,1684.0
4200.0,1678.0
4198.0,1688.0
4198.0,1688.0
4190.0,1683.0
4190.0,1688.0
4184.0,1685.0
4186.0,1678.0
4191.0,1683.0
4191.0,1683.0
4194.0,1687.0
4199.0,1686.0
4199.0,1686.0
4196.0,1682.0
4191.0,1684.0
4186.0,1675.0
4186.0,1675.0
4185.0,1678.0
4190.0,1677.0
4188.0,1548.0
4178.0,1555.0
4178.0,1555.0
4185.0,1561.0
4191.0,1550.0
4198.0,1560.0
4198.0,1560.0
4204.0,1566.0
4201.0,1560.0
4206.0,1556.0
4205.0,1553.0
4205.0,1553.0
4207.0,1558.0
4207.0,1551.0
4206.0,1543.0
4206.0,1543.0
4968.0,1471.0
4968.0,1471.0
4968.0,1478.0
4950.0,1475.0
4941.0,1476.0
4944.0,1488.0
4944.0,1488.0
4938.0,1487.0
4941.0,1487.0
4942.0,1477.0
4944.0,1489.0
4943.0,1481.0
4943.0,1481.0
4939.0,1477.0
4933.0,1485.0
4934.0,1477.0
4934.0,1477.0
4932.0,1480.0
4943.0,1484.0
4944.0,1478.0
4944.0,1478.0
4950.0,1482.0
4904.0,1694.0
4906.0,1695.0
4906.0,1695.0
4901.0,1710.0
4909.0,1698.0
4911.0,1692.0
4911.0,1692.0
4918.0,1698.0
4899.0,1685.0
4899.0,1693.0
4899.0,1693.0
4909.0,1694.0
4897.0,1707.0
4894.0,1710.0
4894.0,1710.0
4900.0,1707.0
5250.0,2000.0
5250.0,2000.0
5256.0,1996.0
5247.0,1998.0
5238.0,1993.0
5238.0,1993.0
5227.0,1996.0
5231.0,1996.0
5216.0,2000.0
5216.0,2000.0
5227.0,1990.0
5226.0,1989.0
5232.0,1994.0
5239.0,2001.0
5234.0,1990.0
5226.0,1997.0
5226.0,1997.0
5228.0,1997.0
5321.0,2154.0
5321.0,2154.0
5328.0,2155.0
5325.0,2155.0
5321.0,2156.0
5321.0,2156.0
5310.0,2147.0
5309.0,2146.0
5295.0,2160.0
5295.0,2160.0
5296.0,2145.0
5294.0,2151.0
5293.0,2156.0
5286.0,2149.0
5289.0,2146.0
5289.0,2146.0
5289.0,2150.0
5285.0,2145.0
5285.0,2145.0
5292.0,2151.0
5290.0,2153.0
5288.0,2154.0
5285.0,2155.0
5285.0,2155.0
5279.0,2142.0
5286.0,2144.0
5286.0,2144.0
5279.0,2147.0
5274.0,2149.0
5281.0,2146.0
5285.0,2153.0
5285.0,2153.0
5285.0,2146.0
5279.0,2147.0
5285.0,2157.0
5297.0,2165.0
5285.0,2263.0
5289.0,2254.0
5297.0,2260.0
5280.0,2278.0
5280.0,2278.0
5285.0,2279.0
5290.0,2264.0
5282.0,2281.0
5289.0,2286.0
5289.0,2286.0
5288.0,2288.0
5301.0,2271.0
5072.0,2447.0
5072.0,2447.0
5079.0,2459.0
5078.0,2445.0
5078.0,2451.0
5077.0,2451.0
5077.0,2451.0
5066.0,2443.0
5072.0,2449.0
5072.0,2449.0
5078.0,2454.0
5072.0,2449.0
5072.0,2452.0
5072.0,2452.0
5070.0,2454.0
5076.0,2456.0
5078.0,2461.0
5079.0,2464.0
5079.0,2464.0
5077.0,2460.0
5115.0,2631.0
5115.0,2631.0
5124.0,2640.0
5131.0,2638.0
5131.0,2638.0
5131.0,2638.0
5132.0,2640.0
5125.0,2635.0
5119.0,2639.0
5119.0,2639.0
5117.0,2644.0
5128.0,2634.0
5132.0,2638.0
5137.0,2647.0
5137.0,2647.0
5143.0,2648.0
5141.0,2649.0
5140.0,2649.0
5140.0,2649.0
5135.0,2649.0
5137.0,2651.0
5138.0,2652.0
5138.0,2652.0
5137.0,2654.0
5134.0,2654.0
5131.0,2639.0
5131.0,2639.0
5550.0,2963.0
5552.0,2959.0
5552.0,2959.0
5550.0,2957.0
5562.0,2946.0
5555.0,2943.0
5555.0,2943.0
5556.0,2950.0
5547.0,2949.0
5550.0,2948.0
5550.0,2948.0
5558.0,2952.0
5555.0,2952.0
5552.0,2952.0
5543.0,2951.0
5543.0,2951.0
5539.0,2953.0
5538.0,2963.0
5363.0,3133.0
5365.0,3140.0
5371.0,3148.0
5371.0,3148.0
5368.0,3147.0
5368.0,3148.0
5357.0,3147.0
5360.0,3140.0
5368.0,3138.0
5373.0,3146.0
5380.0,3150.0
5380.0,3150.0
5384.0,3154.0
5384.0,3152.0
5378.0,3149.0
5373.0,3150.0
5373.0,3150.0
5367.0,3146.0
5362.0,3138.0
5360.0,3138.0
5358.0,3139.0
5358.0,3139.0
5425.0,3114.0
5440.0,3099.0
5440.0,3099.0
5456.0,3101.0
5462.0,3103.0
5464.0,3106.0
5464.0,3106.0
5465.0,3103.0
5465.0,3105.0
5464.0,3106.0
5464.0,3106.0
5457.0,3105.0
5449.0,3103.0
5448.0,3102.0
5457.0,3102.0
5456.0,3102.0
5458.0,3104.0
5458.0,3104.0
5466.0,3106.0
5465.0,3107.0
5465.0,3107.0
5462.0,3105.0
5453.0,3102.0
5083.0,2960.0
5083.0,2960.0
5078.0,2959.0
5079.0,2970.0
5086.0,2973.0
5086.0,2973.0
5080.0,2973.0
5087.0,2971.0
5084.0,2970.0
5084.0,2970.0
5083.0,2969.0
5080.0,2970.0
5079.0,2969.0
5079.0,2969.0
5078.0,2970.0
5131.0,2967.0
5131.0,2967.0
5126.0,2968.0
5120.0,2966.0
5117.0,2966.0
5120.0,2966.0
5120.0,2966.0
5119.0,2966.0
5118.0,2966.0
5122.0,2966.0
5133.0,2966.0
5133.0,2966.0
5137.0,2965.0
5138.0,2965.0
5134.0,2965.0
5128.0,2965.0
5123.0,2966.0
5123.0,2966.0
5114.0,2965.0
5112.0,2965.0
5112.0,2965.0
5112.0,2966.0
5117.0,2965.0
5117.0,2965.0
5123.0,2966.0
5127.0,2966.0
5124.0,2971.0
5176.0,3024.0
5185.0,3023.0
5178.0,3023.0
5170.0,3026.0
5170.0,3026.0
5140.0,3029.0
5142.0,3029.0
5161.0,3027.0
5161.0,3027.0
5175.0,3026.0
5175.0,3026.0
5175.0,3027.0
5175.0,3026.0
5175.0,3026.0
5176.0,3025.0
5175.0,3024.0
5175.0,3024.0
5177.0,3024.0
5176.0,3024.0
5176.0,3025.0
5175.0,3025.0
5176.0,3024.0
5176.0,3024.0
5178.0,3024.0
5177.0,3024.0
5175.0,3024.0
5173.0,3025.0
5173.0,3025.0
5172.0,3026.0
5172.0,3026.0
5172.0,3026.0
5174.0,3026.0
5176.0,3025.0
6051.0,2488.0
6051.0,2488.0
6072.0,2478.0
6064.0,2486.0
6070.0,2500.0
6070.0,2500.0
6071.0,2491.0
6069.0,2488.0
6058.0,2499.0
6047.0,2497.0
6067.0,2498.0
6067.0,2498.0
6047.0,2490.0
6064.0,2495.0
6045.0,2490.0
6045.0,2490.0
6139.0,2428.0
6122.0,2428.0
6122.0,2428.0
6127.0,2433.0
6126.0,2430.0
6129.0,2426.0
6129.0,2426.0
6114.0,2433.0
6114.0,2436.0
6106.0,2435.0
6099.0,2431.0
6098.0,2436.0
6098.0,2436.0
6100.0,2444.0
6096.0,2440.0
6096.0,2440.0
6103.0,2434.0
6105.0,2450.0
6111.0,2448.0
6105.0,2441.0
6105.0,2441.0
6093.0,2439.0
6091.0,2439.0
6091.0,2439.0
6105.0,2438.0
6111.0,2436.0
6111.0,2435.0
6116.0,2432.0
6116.0,2432.0
6111.0,2434.0
6107.0,2429.0
6107.0,2429.0
6094.0,2432.0
6089.0,2438.0
6094.0,2425.0
6094.0,2425.0
6099.0,2431.0
6097.0,2428.0
6086.0,2438.0
6086.0,2438.0
6096.0,2427.0
6095.0,2433.0
6095.0,2433.0
6096.0,2432.0
6096.0,2432.0
6097.0,2434.0
6100.0,2434.0
6099.0,2430.0
6094.0,2420.0
6094.0,2420.0
6093.0,2419.0
6094.0,2420.0
6097.0,2422.0
6102.0,2426.0
6102.0,2426.0
6101.0,2429.0
6101.0,2429.0
6101.0,2430.0
6099.0,2428.0
6099.0,2428.0
6099.0,2427.0
6098.0,2427.0
6096.0,2427.0
6096.0,2427.0
6096.0,2426.0
6095.0,2427.0
6094.0,2429.0
6094.0,2429.0
6094.0,2429.0
6094.0,2430.0
6094.0,2430.0
6094.0,2430.0
6092.0,2430.0
6089.0,2430.0
6088.0,2430.0
6088.0,2430.0
6088.0,2429.0
6089.0,2430.0
6090.0,2429.0
6090.0,2429.0
6088.0,2430.0
6086.0,2428.0
5995.0,2464.0
5988.0,2472.0
5986.0,2468.0
5986.0,2468.0
5987.0,2474.0
5987.0,2474.0
5988.0,2473.0
5990.0,2472.0
5988.0,2472.0
5986.0,2471.0
5986.0,2471.0
5985.0,2471.0
5986.0,2471.0
5985.0,2471.0
5986.0,2471.0
5986.0,2471.0
5984.0,2470.0
5985.0,2470.0
5985.0,2470.0
5972.0,2475.0
5971.0,2478.0
5971.0,2478.0
5971.0,2478.0
5970.0,2478.0
5970.0,2477.0
5970.0,2477.0
5970.0,2477.0
5970.0,2476.0
5973.0,2481.0
5974.0,2480.0
5971.0,2475.0
5970.0,2474.0
5970.0,2474.0
5970.0,2474.0
5969.0,2474.0
5970.0,2474.0
5971.0,2476.0
5971.0,2476.0
5971.0,2476.0
5973.0,2477.0
5973.0,2475.0
5973.0,2475.0
5975.0,2473.0
5911.0,2540.0
5917.0,2535.0
5917.0,2535.0
5915.0,2536.0
5914.0,2538.0
5913.0,2535.0
5913.0,2535.0
5931.0,2514.0
5926.0,2519.0
5923.0,2523.0
5921.0,2526.0
5921.0,2526.0
5921.0,2526.0
5921.0,2524.0
5925.0,2521.0
5927.0,2520.0
5927.0,2520.0
5928.0,2520.0
5932.0,2515.0
5933.0,2515.0
5934.0,2511.0
5934.0,2511.0
5928.0,2514.0
5926.0,2517.0
5926.0,2520.0
5926.0,2520.0
5925.0,2522.0
5926.0,2518.0
5929.0,2515.0
5929.0,2515.0
5931.0,2511.0
5920.0,2524.0
5920.0,2524.0
5869.0,2611.0
5865.0,2617.0
5878.0,2616.0
5878.0,2616.0
5872.0,2617.0
5869.0,2613.0
5869.0,2613.0
5867.0,2610.0
5868.0,2605.0
5869.0,2604.0
5870.0,2603.0
5870.0,2603.0
5867.0,2603.0
5867.0,2605.0
5868.0,2606.0
5867.0,2606.0
5867.0,2606.0
5866.0,2606.0
5867.0,2607.0
5867.0,2604.0
5868.0,2605.0
5868.0,2605.0
5867.0,2604.0
5867.0,2605.0
5868.0,2605.0
5868.0,2604.0
5868.0,2604.0
5868.0,2605.0
5868.0,2606.0
5869.0,2605.0
5869.0,2605.0
5868.0,2604.0
5868.0,2603.0
5868.0,2603.0
5868.0,2602.0
5872.0,2603.0
5871.0,2604.0
5871.0,2605.0
5871.0,2605.0
5871.0,2604.0
5871.0,2604.0
5871.0,2604.0
5870.0,2604.0
5870.0,2603.0
5870.0,2603.0
5871.0,2603.0
5871.0,2603.0
5869.0,2603.0
5869.0,2604.0
5868.0,2604.0
5868.0,2604.0
5868.0,2602.0
5867.0,2601.0
5866.0,2600.0
5866.0,2599.0
5866.0,2599.0
5868.0,2598.0
5868.0,2597.0
5869.0,2596.0
5870.0,2597.0
5870.0,2600.0
5870.0,2600.0
6610.0,2597.0
6604.0,2607.0
6580.0,2599.0
6578.0,2596.0
6578.0,2596.0
6591.0,2591.0
6591.0,2591.0
6589.0,2589.0
6598.0,2589.0
6582.0,2586.0
6595.0,2584.0
6581.0,2590.0
6581.0,2590.0
6581.0,2600.0
6595.0,2599.0
6595.0,2599.0
6600.0,2586.0
6584.0,2593.0
6582.0,2602.0
6590.0,2598.0
6925.0,2660.0
6919.0,2656.0
6933.0,2665.0
6933.0,2665.0
6900.0,2664.0
6916.0,2660.0
6922.0,2660.0
6915.0,2661.0
6917.0,2659.0
6917.0,2659.0
6904.0,2647.0
6902.0,2661.0
6913.0,2658.0
6913.0,2658.0
6892.0,2644.0
6896.0,2652.0
6884.0,2663.0
6887.0,2663.0
6892.0,2667.0
6892.0,2667.0
6902.0,2667.0
6902.0,2652.0
6913.0,2657.0
6904.0,2654.0
7206.0,2664.0
7203.0,2664.0
7202.0,2684.0
7208.0,2684.0
7208.0,2686.0
7206.0,2679.0
7199.0,2690.0
7199.0,2690.0
7195.0,2688.0
7182.0,2683.0
7188.0,2672.0
7193.0,2675.0
7193.0,2675.0
7189.0,2668.0
7192.0,2663.0
7200.0,2671.0
7200.0,2671.0
7179.0,2675.0
7182.0,2672.0
7181.0,2681.0
7053.0,2537.0
7055.0,2554.0
7064.0,2557.0
7042.0,2551.0
7044.0,2550.0
7044.0,2550.0
7041.0,2543.0
7051.0,2549.0
7046.0,2545.0
7046.0,2545.0
7049.0,2555.0
7045.0,2553.0
7044.0,2554.0
7044.0,2554.0
7043.0,2554.0
7041.0,2555.0
7041.0,2553.0
7041.0,2553.0
7041.0,2552.0
7041.0,2551.0
7042.0,2551.0
7042.0,2551.0
7043.0,2551.0
7040.0,2552.0
7040.0,2552.0
7039.0,2552.0
7037.0,2552.0
7038.0,2552.0
7038.0,2552.0
7037.0,2552.0
7037.0,2553.0
7039.0,2553.0
7038.0,2553.0
7038.0,2553.0
7038.0,2554.0
7037.0,2554.0
7037.0,2553.0
7037.0,2553.0
7037.0,2554.0
7037.0,2555.0
7036.0,2554.0
7036.0,2554.0
7036.0,2554.0
7044.0,2555.0
7044.0,2556.0
7044.0,2556.0
7041.0,2555.0
6895.0,2450.0
6895.0,2450.0
6894.0,2446.0
6882.0,2441.0
6882.0,2441.0
6882.0,2432.0
6883.0,2452.0
6880.0,2448.0
6877.0,2442.0
6877.0,2442.0
6884.0,2441.0
6885.0,2439.0
6892.0,2438.0
6886.0,2449.0
7012.0,2096.0
6995.0,2093.0
6995.0,2093.0
7004.0,2104.0
7000.0,2102.0
7003.0,2106.0
7001.0,2097.0
7001.0,2097.0
7009.0,2100.0
7016.0,2110.0
7008.0,2105.0
7008.0,2105.0
7007.0,2091.0
7008.0,2093.0
7002.0,2094.0
7002.0,2094.0
7008.0,2097.0
7001.0,2102.0
6997.0,2094.0
6997.0,2094.0
6986.0,2096.0
6993.0,2092.0
6993.0,2086.0
6993.0,2086.0
6997.0,2087.0
6995.0,2085.0
6915.0,2052.0
6915.0,2052.0
6897.0,2042.0
6895.0,2054.0
6891.0,2054.0
6897.0,2050.0
6898.0,2061.0
6898.0,2060.0
6898.0,2060.0
6894.0,2065.0
6898.0,2058.0
6900.0,2060.0
6900.0,2060.0
6902.0,2060.0
6901.0,2059.0
6900.0,2058.0
6900.0,2058.0
6902.0,2057.0
6902.0,2057.0
6901.0,2056.0
6901.0,2056.0
6901.0,2056.0
6901.0,2056.0
6902.0,2056.0
6902.0,2056.0
6903.0,2057.0
6900.0,2057.0
6898.0,2056.0
6898.0,2056.0
6897.0,2057.0
6896.0,2057.0
6895.0,2056.0
6895.0,2056.0
6894.0,2056.0
6891.0,2056.0
6890.0,2057.0
6890.0,2057.0
6890.0,2058.0
6898.0,2054.0
6895.0,2054.0
6895.0,2054.0
6894.0,2053.0
6895.0,2056.0
6898.0,2050.0
7166.0,1724.0
7181.0,1725.0
7183.0,1743.0
7180.0,1737.0
7166.0,1736.0
7175.0,1728.0
7175.0,1728.0
7158.0,1742.0
7164.0,1743.0
7178.0,1726.0
7163.0,1734.0
7152.0,1734.0
7152.0,1734.0
7150.0,1732.0
7216.0,1681.0
7216.0,1681.0
7231.0,1668.0
7222.0,1666.0
7213.0,1666.0
7213.0,1666.0
7214.0,1660.0
7221.0,1662.0
7219.0,1673.0
7219.0,1673.0
7221.0,1665.0
7224.0,1664.0
7234.0,1663.0
7234.0,1663.0
7234.0,1663.0
7236.0,1664.0
7238.0,1664.0
7238.0,1664.0
7239.0,1660.0
7234.0,1673.0
7234.0,1664.0
7234.0,1664.0
7225.0,1672.0
7227.0,1668.0
7227.0,1670.0
7227.0,1670.0
7227.0,1679.0
7224.0,1678.0
7226.0,1681.0
7226.0,1681.0
7225.0,1678.0
7227.0,1677.0
7223.0,1677.0
7223.0,1677.0
7223.0,1674.0
7229.0,1671.0
7226.0,1671.0
7226.0,1669.0
7229.0,1684.0
7229.0,1684.0
7228.0,1678.0
7209.0,1683.0
6467.0,1865.0
6456.0,1870.0
6453.0,1869.0
6451.0,1869.0
6451.0,1869.0
6449.0,1870.0
6451.0,1871.0
6453.0,1871.0
6452.0,1873.0
6452.0,1873.0
6482.0,1871.0
6479.0,1871.0
6492.0,1872.0
6490.0,1871.0
6485.0,1873.0
6485.0,1873.0
6240.0,2393.0
6228.0,2398.0
6228.0,2398.0
6235.0,2397.0
6248.0,2398.0
6245.0,2399.0
6233.0,2393.0
6239.0,2384.0
6226.0,2381.0
6226.0,2381.0
6237.0,2382.0
6232.0,2393.0
6230.0,2388.0
6236.0,2391.0
6232.0,2394.0
6232.0,2394.0
6233.0,2403.0
6235.0,2407.0
6226.0,2402.0
6225.0,2404.0
6221.0,2405.0
6221.0,2405.0
6220.0,2407.0
6215.0,2409.0
6210.0,2410.0
6211.0,2411.0
6213.0,2410.0
6213.0,2410.0
6227.0,2402.0
6235.0,2401.0
6235.0,2405.0
6235.0,2405.0
6225.0,2401.0
6241.0,2392.0
6237.0,2402.0
6237.0,2402.0
6233.0,2398.0
6234.0,2394.0
6227.0,2394.0
6234.0,2388.0
6234.0,2388.0
6237.0,2390.0
6232.0,2390.0
6234.0,2394.0
6234.0,2394.0
6135.0,2427.0
6135.0,2427.0
6103.0,2434.0
6121.0,2440.0
6110.0,2439.0
6110.0,2439.0
6104.0,2432.0
6115.0,2431.0
6111.0,2442.0
6112.0,2436.0
6112.0,2436.0
6114.0,2437.0
6110.0,2442.0
6110.0,2442.0
6106.0,2442.0
6110.0,2444.0
6109.0,2454.0
6104.0,2456.0
6101.0,2454.0
6099.0,2452.0
6096.0,2454.0
6096.0,2454.0
6104.0,2453.0
6098.0,2449.0
6103.0,2446.0
6103.0,2440.0
6103.0,2440.0
6099.0,2447.0
6096.0,2439.0
6097.0,2444.0
6096.0,2440.0
6096.0,2440.0
6094.0,2444.0
6102.0,2436.0
6093.0,2438.0
6102.0,2433.0
6102.0,2433.0
6100.0,2439.0
6095.0,2440.0
6099.0,2427.0
6103.0,2435.0
6094.0,2434.0
6094.0,2434.0
6097.0,2434.0
6099.0,2430.0
6093.0,2425.0
6089.0,2427.0
6089.0,2427.0
6093.0,2434.0
6092.0,2435.0
6092.0,2435.0
6098.0,2437.0
6091.0,2430.0
6085.0,2439.0
5953.0,2473.0
5926.0,2483.0
5943.0,2478.0
5940.0,2481.0
5929.0,2472.0
5929.0,2472.0
5933.0,2474.0
5942.0,2464.0
5938.0,2472.0
5938.0,2472.0
5950.0,2473.0
5948.0,2460.0
5949.0,2463.0
5949.0,2463.0
5941.0,2473.0
5927.0,2477.0
5925.0,2475.0
5925.0,2475.0
5921.0,2450.0
5921.0,2450.0
5915.0,2462.0
5923.0,2469.0
5940.0,2474.0
5931.0,2471.0
5931.0,2471.0
5927.0,2473.0
5934.0,2472.0
5932.0,2476.0
5932.0,2480.0
5932.0,2480.0
5928.0,2480.0
5925.0,2480.0
5922.0,2481.0
5923.0,2486.0
5921.0,2485.0
5921.0,2484.0
5921.0,2485.0
5920.0,2486.0
5918.0,2486.0
5923.0,2480.0
5916.0,2481.0
5916.0,2481.0
5927.0,2469.0
5932.0,2479.0
5911.0,2474.0
5493.0,2545.0
5497.0,2549.0
5497.0,2549.0
5503.0,2549.0
5501.0,2547.0
5497.0,2551.0
5510.0,2541.0
5510.0,2541.0
5502.0,2549.0
5501.0,2546.0
5512.0,2550.0
5535.0,2553.0
5526.0,2546.0
5526.0,2546.0
5514.0,2548.0
5512.0,2548.0
5226.0,2510.0
5226.0,2510.0
5220.0,2513.0
5214.0,2519.0
5209.0,2513.0
5196.0,2511.0
5196.0,2511.0
5194.0,2522.0
5207.0,2515.0
5196.0,2523.0
5196.0,2523.0
5192.0,2511.0
5204.0,2520.0
5202.0,2513.0
5200.0,2519.0
5185.0,2508.0
5185.0,2508.0
5003.0,2593.0
5005.0,2593.0
5002.0,2591.0
5002.0,2591.0
4996.0,2594.0
4995.0,2591.0
4997.0,2594.0
4997.0,2594.0
4999.0,2598.0
5008.0,2605.0
5007.0,2602.0
5001.0,2611.0
5012.0,2606.0
5007.0,2606.0
5007.0,2606.0
5008.0,2606.0
5023.0,2610.0
5018.0,2612.0
5018.0,2612.0
5012.0,2610.0
5006.0,2609.0
4997.0,2606.0
4997.0,2606.0
5000.0,2608.0
4972.0,2512.0
4961.0,2504.0
4961.0,2504.0
4950.0,2510.0
4953.0,2509.0
4948.0,2511.0
4948.0,2511.0
4951.0,2494.0
4951.0,2509.0
4954.0,2502.0
4954.0,2502.0
4949.0,2507.0
4948.0,2505.0
4952.0,2502.0
4946.0,2498.0
4946.0,2498.0
4950.0,2518.0
4942.0,2513.0
4942.0,2513.0
4945.0,2508.0
4951.0,2504.0
4959.0,2502.0
4959.0,2502.0
4948.0,2505.0
4963.0,2502.0
4972.0,2508.0
4948.0,2499.0
4942.0,2519.0
4942.0,2519.0
4951.0,2502.0
4950.0,2494.0
4955.0,2497.0
4955.0,2497.0
4956.0,2504.0
4966.0,2506.0
4958.0,2508.0
4958.0,2508.0
4967.0,2509.0
4964.0,2510.0
4972.0,2513.0
4972.0,2513.0
5124.0,2567.0
5124.0,2567.0
5137.0,2552.0
5131.0,2545.0
5125.0,2548.0
5130.0,2550.0
5130.0,2549.0
5130.0,2549.0
5128.0,2550.0
5127.0,2549.0
5127.0,2549.0
5127.0,2549.0
5127.0,2549.0
5128.0,2548.0
5126.0,2547.0
5107.0,2539.0
5107.0,2539.0
5106.0,2539.0
5105.0,2540.0
5105.0,2540.0
5104.0,2540.0
5104.0,2541.0
5104.0,2541.0
5103.0,2542.0
5106.0,2544.0
5104.0,2545.0
5101.0,2546.0
5102.0,2546.0
5105.0,2545.0
5104.0,2544.0
5104.0,2544.0
5112.0,2547.0
5115.0,2547.0
5111.0,2547.0
5111.0,2547.0
5097.0,2542.0
5095.0,2544.0
5092.0,2545.0
5092.0,2545.0
5087.0,2547.0
5085.0,2546.0
5085.0,2546.0
5091.0,2545.0
5089.0,2546.0
5087.0,2545.0
5092.0,2544.0
5095.0,2543.0
5095.0,2543.0
5097.0,2544.0
5096.0,2544.0
5095.0,2544.0
5096.0,2544.0
5097.0,2543.0
5097.0,2543.0
5081.0,2551.0
4995.0,2616.0
4973.0,2636.0
4971.0,2636.0
4971.0,2636.0
4974.0,2637.0
4979.0,2634.0
4979.0,2632.0
4982.0,2634.0
4982.0,2634.0
4986.0,2623.0
4986.0,2625.0
4984.0,2621.0
4984.0,2621.0
4983.0,2619.0
4984.0,2619.0
4985.0,2621.0
4985.0,2621.0
4983.0,2624.0
4981.0,2627.0
4981.0,2627.0
4981.0,2626.0
4981.0,2624.0
4974.0,2617.0
4974.0,2617.0
4252.0,2412.0
4252.0,2404.0
4251.0,2406.0
4247.0,2403.0
4247.0,2403.0
4247.0,2402.0
4254.0,2404.0
4242.0,2402.0
4242.0,2402.0
4244.0,2403.0
4244.0,2401.0
4252.0,2417.0
4255.0,2413.0
4255.0,2413.0
4255.0,2415.0
4253.0,2403.0
4242.0,2411.0
4242.0,2411.0
4243.0,2407.0
4259.0,2419.0
4255.0,2410.0
4256.0,2405.0
4256.0,2405.0
4255.0,2406.0
4254.0,2417.0
4254.0,2415.0
4254.0,2415.0
4256.0,2420.0
4255.0,2410.0
4254.0,2405.0
4254.0,2405.0
4261.0,2407.0
4254.0,2405.0
4250.0,2407.0
4250.0,2407.0
4241.0,2407.0
4237.0,2391.0
4237.0,2391.0
4065.0,2031.0
4037.0,2023.0
4037.0,2023.0
4058.0,2023.0
4054.0,2026.0
4039.0,2017.0
4067.0,2025.0
4068.0,2020.0
4068.0,2020.0
4062.0,2026.0
4065.0,2032.0
4064.0,2029.0
4068.0,2027.0
4068.0,2027.0
4069.0,2031.0
4067.0,2022.0
4071.0,2020.0
4063.0,2010.0
4112.0,1804.0
4112.0,1804.0
4113.0,1785.0
4109.0,1780.0
4110.0,1785.0
4110.0,1785.0
4115.0,1771.0
4115.0,1775.0
4112.0,1770.0
4112.0,1766.0
4112.0,1766.0
4113.0,1766.0
4116.0,1771.0
4109.0,1771.0
4109.0,1771.0
4112.0,1767.0
4115.0,1767.0
4112.0,1766.0
4111.0,1764.0
4111.0,1764.0
4113.0,1762.0
4112.0,1781.0
4367.0,1824.0
4384.0,1836.0
4380.0,1827.0
4382.0,1827.0
4382.0,1827.0
4376.0,1831.0
4379.0,1829.0
4381.0,1829.0
4379.0,1827.0
4386.0,1830.0
4386.0,1830.0
4384.0,1830.0
4382.0,1831.0
4386.0,1834.0
4387.0,1835.0
4387.0,1835.0
4387.0,1837.0
4387.0,1838.0
4389.0,1837.0
4389.0,1837.0
4389.0,1835.0
4391.0,1834.0
4388.0,1834.0
4388.0,1834.0
4388.0,1833.0
4384.0,1833.0
4387.0,1831.0
4387.0,1831.0
4387.0,1831.0
4388.0,1830.0
4389.0,1828.0
4378.0,1834.0
4378.0,1834.0
4382.0,1841.0
4369.0,1839.0
4369.0,1839.0
4814.0,1690.0
4814.0,1690.0
4794.0,1697.0
4808.0,1683.0
4817.0,1681.0
4817.0,1681.0
4802.0,1681.0
4800.0,1677.0
4800.0,1677.0
4813.0,1666.0
4816.0,1674.0
4794.0,1691.0
4811.0,1667.0
4811.0,1667.0
4932.0,1503.0
4949.0,1497.0
4947.0,1504.0
4938.0,1493.0
4938.0,1493.0
4933.0,1499.0
4931.0,1498.0
4929.0,1502.0
4930.0,1504.0
4930.0,1504.0
4933.0,1505.0
4930.0,1511.0
4930.0,1511.0
4926.0,1508.0
4927.0,1510.0
4926.0,1512.0
4926.0,1512.0
4925.0,1512.0
4927.0,1513.0
4924.0,1515.0
4924.0,1515.0
4938.0,1503.0
4971.0,1442.0
4975.0,1441.0
4975.0,1441.0
4966.0,1446.0
4966.0,1448.0
4966.0,1447.0
4969.0,1448.0
4971.0,1447.0
4971.0,1447.0
4975.0,1446.0
4970.0,1451.0
4972.0,1448.0
4974.0,1447.0
4974.0,1447.0
4976.0,1445.0
4956.0,1461.0
4964.0,1464.0
4952.0,1460.0
4951.0,1459.0
4951.0,1459.0
4967.0,1454.0
4965.0,1452.0
4962.0,1446.0
4962.0,1446.0
4962.0,1452.0
4960.0,1452.0
4969.0,1449.0
4954.0,1450.0
4954.0,1450.0
4954.0,1462.0
4960.0,1453.0
4964.0,1461.0
4964.0,1461.0
4964.0,1463.0
4967.0,1464.0
4956.0,1471.0
4956.0,1471.0
4800.0,2223.0
4805.0,2241.0
4808.0,2231.0
4808.0,2232.0
4808.0,2232.0
4811.0,2230.0
4813.0,2225.0
4809.0,2231.0
4809.0,2231.0
4792.0,2240.0
4815.0,2242.0
4809.0,2239.0
4799.0,2231.0
4799.0,2231.0
5261.0,2284.0
5261.0,2284.0
5276.0,2282.0
5267.0,2291.0
5276.0,2276.0
5276.0,2276.0
5280.0,2282.0
5275.0,2272.0
5277.0,2284.0
5280.0,2271.0
5280.0,2271.0
5276.0,2280.0
5268.0,2281.0
5271.0,2288.0
5264.0,2289.0
5267.0,2281.0
5267.0,2281.0
5262.0,2278.0
5266.0,2294.0
5272.0,2294.0
5272.0,2294.0
5271.0,2298.0
5272.0,2295.0
5265.0,2293.0
5265.0,2293.0
5260.0,2297.0
5260.0,2305.0
5259.0,2306.0
5259.0,2306.0
5323.0,2265.0
5323.0,2265.0
5330.0,2257.0
5311.0,2275.0
5327.0,2263.0
5327.0,2263.0
5326.0,2260.0
5324.0,2250.0
5314.0,2257.0
5330.0,2264.0
5340.0,2264.0
5340.0,2264.0
5371.0,2271.0
5371.0,2281.0
5367.0,2282.0
5367.0,2282.0
5366.0,2279.0
5369.0,2284.0
5373.0,2282.0
5373.0,2282.0
5375.0,2281.0
5369.0,2279.0
5365.0,2278.0
5365.0,2278.0
5346.0,2267.0
5341.0,2269.0
5342.0,2269.0
5342.0,2269.0
5342.0,2269.0
5343.0,2272.0
5343.0,2272.0
5345.0,2275.0
5347.0,2275.0
5345.0,2275.0
5343.0,2281.0
5343.0,2281.0
5341.0,2282.0
5342.0,2287.0
5342.0,2289.0
5342.0,2289.0
5341.0,2295.0
5333.0,2283.0
5333.0,2283.0
5330.0,2296.0
5333.0,2291.0
5335.0,2288.0
5335.0,2288.0
5335.0,2290.0
5330.0,2288.0
5333.0,2300.0
5333.0,2300.0
5335.0,2292.0
5333.0,2286.0
5336.0,2282.0
5336.0,2282.0
5333.0,2281.0
5347.0,2281.0
5360.0,2287.0
6097.0,2350.0
6123.0,2334.0
6123.0,2354.0
6118.0,2345.0
6118.0,2345.0
6111.0,2352.0
6120.0,2354.0
6119.0,2354.0
6119.0,2354.0
6113.0,2362.0
6119.0,2358.0
6112.0,2365.0
6098.0,2355.0
6098.0,2355.0
6102.0,2347.0
6103.0,2348.0
6104.0,2351.0
6101.0,2353.0
6101.0,2353.0
6104.0,2350.0
6109.0,2352.0
6112.0,2354.0
6111.0,2356.0
6111.0,2358.0
6110.0,2359.0
6110.0,2359.0
6110.0,2359.0
6107.0,2347.0
6107.0,2347.0
6101.0,2355.0
6102.0,2359.0
6107.0,2350.0
6105.0,2345.0
6105.0,2344.0
6099.0,2344.0
6099.0,2344.0
6103.0,2347.0
6107.0,2339.0
6102.0,2342.0
6103.0,2344.0
6103.0,2344.0
6094.0,2340.0
6100.0,2349.0
6111.0,2344.0
6111.0,2344.0
6122.0,2340.0
6093.0,2602.0
6100.0,2618.0
6100.0,2618.0
6111.0,2615.0
6086.0,2603.0
6073.0,2604.0
6073.0,2604.0
6076.0,2602.0
6074.0,2604.0
6077.0,2614.0
6077.0,2614.0
6074.0,2599.0
6071.0,2608.0
6072.0,2618.0
6072.0,2618.0
6070.0,2614.0
6079.0,2619.0
6073.0,2618.0
6075.0,2605.0
6075.0,2605.0
6084.0,2613.0
6087.0,2620.0
6069.0,2615.0
6077.0,2617.0
6077.0,2617.0
6070.0,2612.0
6077.0,2611.0
6079.0,2612.0
6079.0,2612.0
6079.0,2613.0
6111.0,2608.0
6131.0,2580.0
6116.0,2587.0
6116.0,2587.0
6117.0,2590.0
6122.0,2585.0
6123.0,2585.0
6121.0,2584.0
6121.0,2584.0
6121.0,2589.0
6120.0,2589.0
6120.0,2589.0
6120.0,2590.0
6120.0,2590.0
6119.0,2589.0
6119.0,2589.0
6117.0,2590.0
6117.0,2592.0
6117.0,2592.0
6117.0,2592.0
6117.0,2593.0
6127.0,2560.0
6141.0,2424.0
6129.0,2422.0
6132.0,2433.0
6142.0,2439.0
6140.0,2432.0
6148.0,2428.0
6148.0,2428.0
6144.0,2425.0
6144.0,2427.0
6146.0,2427.0
6146.0,2427.0
6145.0,2426.0
6143.0,2424.0
6138.0,2423.0
6138.0,2423.0
6137.0,2422.0
6137.0,2422.0
6138.0,2422.0
6138.0,2421.0
6144.0,2423.0
6143.0,2423.0
6143.0,2423.0
6143.0,2423.0
6146.0,2423.0
6147.0,2422.0
6147.0,2422.0
6147.0,2422.0
6151.0,2421.0
6153.0,2420.0
6153.0,2420.0
6153.0,2419.0
6155.0,2419.0
6158.0,2417.0
6158.0,2417.0
6160.0,2424.0
6127.0,2432.0
5691.0,2847.0
5700.0,2853.0
5700.0,2853.0
5714.0,2853.0
5713.0,2862.0
5714.0,2872.0
5713.0,2876.0
5715.0,2873.0
5712.0,2870.0
5712.0,2870.0
5708.0,2866.0
5717.0,2855.0
5719.0,2847.0
5719.0,2861.0
5720.0,2850.0
5719.0,2839.0
5719.0,2851.0
5719.0,2851.0
5707.0,2847.0
5703.0,2849.0
5703.0,2849.0
5697.0,2852.0
5701.0,2841.0
5703.0,2843.0
5703.0,2843.0
5707.0,2846.0
5706.0,2850.0
5712.0,2846.0
5708.0,2845.0
5708.0,2845.0
5697.0,2864.0
5508.0,3149.0
5504.0,3144.0
5504.0,3144.0
5515.0,3145.0
5537.0,3132.0
5533.0,3144.0
5533.0,3144.0
5523.0,3141.0
5536.0,3149.0
5538.0,3156.0
5538.0,3156.0
3565.0,3366.0
3571.0,3349.0
3571.0,3349.0
3566.0,3347.0
3585.0,3357.0
3563.0,3350.0
3563.0,3350.0
3561.0,3354.0
3561.0,3356.0
3555.0,3346.0
3555.0,3346.0
3554.0,3345.0
3566.0,3348.0
3564.0,3344.0
3580.0,3004.0
3577.0,3000.0
3572.0,3000.0
3572.0,3000.0
3558.0,2997.0
3552.0,3001.0
3541.0,2996.0
3541.0,2996.0
3551.0,3002.0
3553.0,2998.0
3553.0,2998.0
3561.0,2995.0
3558.0,3006.0
3560.0,3004.0
3551.0,3005.0
3551.0,3005.0
3552.0,3009.0
3550.0,3004.0
3485.0,2919.0
3492.0,2899.0
3492.0,2899.0
3486.0,2883.0
3485.0,2894.0
3483.0,2877.0
3485.0,2885.0
3493.0,2888.0
3493.0,2888.0
3495.0,2885.0
3494.0,2879.0
3491.0,2875.0
3488.0,2874.0
3488.0,2874.0
3487.0,2878.0
3485.0,2877.0
3483.0,2881.0
3488.0,2880.0
3487.0,2879.0
3487.0,2879.0
3483.0,2881.0
3481.0,2883.0
3478.0,2880.0
3478.0,2881.0
3478.0,2881.0
3484.0,2885.0
3483.0,2887.0
3481.0,2886.0
3481.0,2887.0
3482.0,2886.0
3482.0,2886.0
3481.0,2884.0
3484.0,2884.0
3485.0,2882.0
3485.0,2882.0
3483.0,2880.0
3489.0,2884.0
3488.0,2884.0
3488.0,2884.0
3487.0,2883.0
3489.0,2882.0
3500.0,2898.0
3500.0,2898.0
3468.0,3102.0
3468.0,3102.0
3476.0,3092.0
3484.0,3093.0
3482.0,3098.0
3482.0,3098.0
3478.0,3101.0
3471.0,3087.0
3467.0,3086.0
3467.0,3086.0
3466.0,3085.0
3468.0,3084.0
3469.0,3084.0
3469.0,3084.0
3469.0,3082.0
3468.0,3080.0
3465.0,3078.0
3461.0,3077.0
3460.0,3076.0
3462.0,3074.0
3462.0,3074.0
3462.0,3071.0
3476.0,3072.0
3567.0,3111.0
3555.0,3106.0
3543.0,3100.0
3530.0,3096.0
3526.0,3096.0
3526.0,3096.0
3526.0,3096.0
3531.0,3097.0
3538.0,3100.0
3538.0,3100.0
3547.0,3104.0
3558.0,3109.0
3559.0,3110.0
3557.0,3109.0
3557.0,3109.0
3544.0,3104.0
3535.0,3101.0
3535.0,3101.0
3530.0,3097.0
3531.0,3095.0
3530.0,3097.0
3529.0,3097.0
3411.0,3098.0
3411.0,3098.0
3391.0,3080.0
3409.0,3093.0
3418.0,3086.0
3418.0,3086.0
3424.0,3088.0
3417.0,3096.0
3417.0,3099.0
3417.0,3099.0
3417.0,3099.0
3426.0,3096.0
2928.0,2934.0
2914.0,2931.0
2914.0,2931.0
2904.0,2924.0
2919.0,2926.0
2921.0,2931.0
2911.0,2924.0
2911.0,2924.0
2914.0,2923.0
2913.0,2925.0
2898.0,2925.0
2898.0,2925.0
2900.0,2928.0
2904.0,2933.0
2900.0,2929.0
2900.0,2929.0
2906.0,2933.0
2900.0,2928.0
2898.0,2928.0
2897.0,2927.0
2897.0,2925.0
2897.0,2925.0
2897.0,2927.0
2899.0,2928.0
2903.0,2928.0
2907.0,2927.0
2907.0,2927.0
2898.0,2930.0
2920.0,2934.0
4189.0,2415.0
4225.0,2401.0
4224.0,2415.0
4224.0,2415.0
4221.0,2414.0
4223.0,2404.0
4229.0,2402.0
4231.0,2409.0
4231.0,2409.0
4223.0,2406.0
4211.0,2410.0
4211.0,2411.0
4215.0,2412.0
4215.0,2412.0
4214.0,2415.0
4215.0,2414.0
4218.0,2408.0
4218.0,2408.0
4209.0,2415.0
4210.0,2417.0
4210.0,2417.0
4201.0,2413.0
4202.0,2406.0
4202.0,2406.0
4202.0,2407.0
4205.0,2403.0
4196.0,2404.0
4197.0,2404.0
4197.0,2404.0
4204.0,2401.0
4191.0,2404.0
4183.0,2404.0
4183.0,2404.0
4190.0,2423.0
4191.0,2414.0
4198.0,2416.0
4198.0,2416.0
4207.0,2410.0
4339.0,2379.0
4339.0,2379.0
4344.0,2404.0
4346.0,2392.0
4349.0,2393.0
4349.0,2393.0
4337.0,2388.0
4338.0,2386.0
4329.0,2390.0
4333.0,2392.0
4349.0,2385.0
4349.0,2385.0
4337.0,2381.0
4328.0,2351.0
4326.0,2339.0
4326.0,2339.0
4321.0,2352.0
4324.0,2347.0
4322.0,2345.0
4322.0,2345.0
4320.0,2350.0
4330.0,2324.0
4335.0,2317.0
4335.0,2317.0
4333.0,2321.0
4333.0,2323.0
4334.0,2323.0
4334.0,2323.0
4338.0,2324.0
4338.0,2325.0
4339.0,2326.0
4337.0,2331.0
4336.0,2334.0
4336.0,2334.0
4334.0,2336.0
4334.0,2338.0
4336.0,2340.0
4336.0,2340.0
4338.0,2339.0
4337.0,2330.0
4337.0,2327.0
4337.0,2327.0
4337.0,2326.0
4337.0,2326.0
4336.0,2326.0
4335.0,2326.0
4334.0,2325.0
4334.0,2325.0
4333.0,2326.0
4333.0,2327.0
4330.0,2329.0
4330.0,2332.0
4329.0,2337.0
4326.0,2339.0
4326.0,2339.0
4326.0,2339.0
4326.0,2337.0
4328.0,2333.0
4328.0,2332.0
4328.0,2332.0
4328.0,2330.0
4328.0,2324.0
4329.0,2323.0
4330.0,2322.0
4330.0,2321.0
4329.0,2323.0
4329.0,2323.0
4328.0,2327.0
4294.0,2317.0
4294.0,2317.0
4295.0,2312.0
4298.0,2311.0
4300.0,2311.0
4300.0,2313.0
4301.0,2330.0
4301.0,2330.0
4301.0,2332.0
4301.0,2332.0
4300.0,2333.0
4301.0,2332.0
4301.0,2332.0
4302.0,2332.0
4303.0,2332.0
4303.0,2330.0
4303.0,2330.0
4304.0,2330.0
4301.0,2330.0
4302.0,2330.0
4302.0,2330.0
4302.0,2330.0
4301.0,2327.0
4301.0,2329.0
4301.0,2333.0
4301.0,2333.0
4304.0,2343.0
5021.0,1977.0
5021.0,1977.0
5031.0,1968.0
5033.0,1958.0
5027.0,1969.0
5025.0,1963.0
5030.0,1961.0
5030.0,1961.0
5040.0,1962.0
5041.0,1956.0
5046.0,1957.0
5046.0,1957.0
5047.0,1958.0
5044.0,1960.0
5041.0,1961.0
5041.0,1961.0
5041.0,1963.0
5045.0,1965.0
4741.0,1807.0
4744.0,1815.0
4744.0,1815.0
4741.0,1814.0
4747.0,1817.0
4747.0,1817.0
4744.0,1821.0
4739.0,1819.0
4740.0,1825.0
4737.0,1824.0
4737.0,1824.0
4736.0,1823.0
4742.0,1827.0
4737.0,1827.0
4737.0,1827.0
4742.0,1835.0
4742.0,1827.0
4735.0,1829.0
4735.0,1829.0
4730.0,1836.0
4731.0,1834.0
4734.0,1832.0
4734.0,1832.0
4735.0,1827.0
4737.0,1839.0
4745.0,1840.0
4745.0,1840.0
4737.0,1835.0
4733.0,1837.0
4729.0,1826.0
4530.0,1839.0
4519.0,1856.0
4519.0,1856.0
4523.0,1848.0
4516.0,1848.0
4516.0,1848.0
4516.0,1851.0
4519.0,1853.0
4522.0,1850.0
4522.0,1850.0
4521.0,1850.0
4521.0,1852.0
4519.0,1851.0
4519.0,1851.0
4520.0,1850.0
4521.0,1851.0
4521.0,1850.0
4520.0,1849.0
4520.0,1849.0
4523.0,1853.0
4522.0,1853.0
4522.0,1853.0
4523.0,1852.0
4524.0,1852.0
4524.0,1851.0
4524.0,1851.0
4525.0,1849.0
4527.0,1848.0
4528.0,1846.0
4528.0,1846.0
4528.0,1843.0
4530.0,1845.0
4530.0,1843.0
4530.0,1843.0
4530.0,1843.0
4530.0,1841.0
4531.0,1846.0
4531.0,1846.0
4531.0,1846.0
4531.0,1846.0
4529.0,1846.0
4528.0,1847.0
4532.0,1859.0
4587.0,1775.0
4574.0,1762.0
4574.0,1762.0
4574.0,1764.0
4589.0,1767.0
4584.0,1758.0
4584.0,1758.0
4580.0,1748.0
4580.0,1749.0
4577.0,1754.0
4577.0,1754.0
4578.0,1757.0
4589.0,1770.0
4586.0,1767.0
4582.0,1769.0
4592.0,1785.0
4592.0,1785.0
4585.0,1782.0
4583.0,1773.0
4586.0,1780.0
4588.0,1775.0
4588.0,1775.0
4587.0,1770.0
4540.0,1651.0
4543.0,1607.0
4539.0,1622.0
4540.0,1619.0
4540.0,1619.0
4537.0,1610.0
4540.0,1608.0
4545.0,1613.0
4547.0,1607.0
4548.0,1610.0
4548.0,1610.0
4544.0,1607.0
4545.0,1611.0
4541.0,1612.0
4541.0,1612.0
4537.0,1614.0
4537.0,1619.0
4537.0,1616.0
4537.0,1616.0
4540.0,1615.0
4530.0,1612.0
4530.0,1612.0
4533.0,1611.0
4535.0,1618.0
4540.0,1617.0
4537.0,1617.0
4536.0,1622.0
4534.0,1623.0
4534.0,1623.0
4536.0,1623.0
4538.0,1622.0
4533.0,1623.0
4533.0,1623.0
4535.0,1626.0
4539.0,1627.0
4535.0,1619.0
4533.0,1617.0
4533.0,1617.0
4527.0,1623.0
4529.0,1620.0
4529.0,1620.0
4529.0,1622.0
4544.0,1629.0
4532.0,1647.0
4450.0,1842.0
4444.0,1871.0
4444.0,1871.0
4445.0,1873.0
4454.0,1861.0
4449.0,1871.0
4449.0,1871.0
4453.0,1868.0
4464.0,1875.0
4451.0,1862.0
4451.0,1862.0
4457.0,1864.0
4449.0,1859.0
4447.0,1862.0
4447.0,1862.0
4088.0,1863.0
4083.0,1862.0
4082.0,1866.0
4082.0,1866.0
4087.0,1868.0
4057.0,1867.0
4056.0,1868.0
4061.0,1868.0
4068.0,1869.0
4068.0,1869.0
4062.0,1871.0
4061.0,1862.0
4066.0,1863.0
4066.0,1873.0
4079.0,1877.0
4079.0,1877.0
4079.0,1878.0
4078.0,1881.0
4075.0,1880.0
4076.0,1879.0
4076.0,1879.0
4077.0,1881.0
4082.0,1880.0
4071.0,1876.0
4071.0,1876.0
4017.0,1864.0
4013.0,1866.0
4013.0,1866.0
4008.0,1865.0
4008.0,1867.0
4007.0,1867.0
4007.0,1867.0
4004.0,1867.0
4011.0,1867.0
4010.0,1867.0
4010.0,1867.0
4011.0,1867.0
4013.0,1867.0
4014.0,1867.0
4014.0,1867.0
4015.0,1867.0
4016.0,1867.0
4018.0,1868.0
4018.0,1868.0
4020.0,1868.0
4019.0,1868.0
4019.0,1868.0
4019.0,1868.0
4019.0,1868.0
4019.0,1868.0
4019.0,1869.0
4019.0,1869.0
4016.0,1870.0
4029.0,1888.0
4029.0,1888.0
4029.0,1892.0
4025.0,1889.0
4026.0,1890.0
4026.0,1890.0
4031.0,1890.0
4035.0,1889.0
4035.0,1889.0
4034.0,1889.0
4034.0,1889.0
4034.0,1889.0
4033.0,1890.0
4032.0,1891.0
4032.0,1893.0
4031.0,1896.0
4029.0,1894.0
4027.0,1887.0
4027.0,1887.0
4025.0,1883.0
4025.0,1885.0
4025.0,1887.0
4025.0,1884.0
4026.0,1885.0
4026.0,1879.0
4027.0,1881.0
4027.0,1885.0
4027.0,1886.0
4027.0,1886.0
4026.0,1886.0
4028.0,1889.0
4027.0,1888.0
4033.0,1887.0
4294.0,2395.0
4274.0,2401.0
4275.0,2396.0
4286.0,2391.0
4284.0,2394.0
4284.0,2394.0
4280.0,2393.0
4276.0,2395.0
4276.0,2395.0
4277.0,2396.0
4278.0,2397.0
4280.0,2394.0
4282.0,2387.0
4282.0,2387.0
4283.0,2380.0
4284.0,2395.0
4275.0,2396.0
4275.0,2396.0
4277.0,2400.0
4284.0,2400.0
4291.0,2401.0
4291.0,2401.0
4294.0,2397.0
4294.0,2400.0
4296.0,2400.0
4296.0,2400.0
4298.0,2394.0
4296.0,2401.0
4290.0,2395.0
4290.0,2395.0
4285.0,2396.0
4276.0,2400.0
4276.0,2396.0
4276.0,2393.0
4276.0,2393.0
4272.0,2392.0
4276.0,2393.0
4283.0,2399.0
4268.0,2400.0
4268.0,2391.0
4278.0,2402.0
4263.0,2400.0
4275.0,2398.0
4276.0,2396.0
4276.0,2396.0
4270.0,2394.0
4276.0,2400.0
4984.0,2633.0
4996.0,2641.0
4996.0,2641.0
4992.0,2643.0
4984.0,2623.0
4985.0,2631.0
4985.0,2631.0
4993.0,2636.0
4993.0,2642.0
4998.0,2641.0
4997.0,2642.0
4990.0,2639.0
4990.0,2639.0
4981.0,2634.0
4978.0,2630.0
4972.0,2639.0
4988.0,2631.0
4988.0,2631.0
4988.0,2636.0
4974.0,2641.0
4971.0,2639.0
4971.0,2639.0
4976.0,2640.0
4972.0,2647.0
4972.0,2647.0
4976.0,2633.0
4968.0,2639.0
4977.0,2635.0
4977.0,2635.0
4978.0,2636.0
4985.0,2632.0
4978.0,2633.0
4980.0,2636.0
4980.0,2636.0
4966.0,2634.0
4972.0,2642.0
4972.0,2642.0
4972.0,2639.0
4966.0,2639.0
4974.0,2633.0
4979.0,2641.0
4959.0,2556.0
4959.0,2556.0
4968.0,2568.0
4961.0,2564.0
4964.0,2568.0
4971.0,2572.0
4971.0,2572.0
4977.0,2575.0
4963.0,2578.0
4969.0,2578.0
4969.0,2578.0
4971.0,2579.0
4973.0,2582.0
4973.0,2582.0
4979.0,2585.0
4981.0,2587.0
4981.0,2586.0
4981.0,2586.0
4981.0,2585.0
4977.0,2582.0
4972.0,2577.0
4969.0,2578.0
4969.0,2578.0
